Ticker,Name,"GICS Ind Name
","GICS Ind
","Price:M-1
","Price (I)
","Market Cap
"
ONT AT Equity,1300SMILES Ltd,Health Care Providers & Services,351020,6.599999905,6.460000038,152962368
TGP AT Equity,360 Capital Group Ltd,Capital Markets,402030,1.159999967,1.315000057,327043808
3PL AT Equity,3P Learning Ltd,Diversified Consumer Services,253020,2.49000001,2.339999914,315466336
A2B AT Equity,A2B Australia Ltd,Road & Rail,203040,5.110000134,4.639999866,558798336
ABP AT Equity,Abacus Property Group,Equity Real Estate Investment Trusts (REITs),601010,3.058073044,2.910000086,1623621248
AX1 AT Equity,Accent Group Ltd,Specialty Retail,255040,0.769999981,1.029999971,313473216
ARI AT Equity,ACN 004 410 833 Ltd,Metals & Mining,151040,0.219999999,0.170000002,499339936
MIG AT Equity,ACN 059457279 Ltd,Interactive Media & Services,502030,0.720000029,0.779999971,196556816
ACX AT Equity,Aconex Ltd,Interactive Media & Services,502030,1.99000001,2.049999952,337240704
ACR AT Equity,Acrux Ltd,Pharmaceuticals,352020,1.059999943,0.860000014,143208672
ABC AT Equity,Adbri Ltd,Construction Materials,151020,4.28000021,4.53000021,2936652288
ADS AT Equity,Adslot Ltd,Software,451030,0.096000001,0.090000004,94837568
AFJ AT Equity,Affinity Education Group Ltd,Diversified Consumer Services,253020,1.242673397,1.105000019,255753232
AGL AT Equity,AGL Energy Ltd,Multi-Utilities,551030,15.05000019,15.19999981,10255628288
AGI AT Equity,Ainsworth Game Technology Ltd,"Hotels, Restaurants & Leisure",253010,2.5,2.890000105,931559744
AJL AT Equity,AJ Lucas Group Ltd,Construction & Engineering,201030,0.38499999,0.234999999,62835196
AQG AT Equity,Alacer Gold Corp,Metals & Mining,151040,2.809999943,2.839999914,834791232
LEP AT Equity,ALE Property Group,Equity Real Estate Investment Trusts (REITs),601010,3.470000029,3.819999933,747582912
ALK AT Equity,Alkane Resources Ltd,Metals & Mining,151040,0.38499999,0.289999992,120123408
AQZ AT Equity,Alliance Aviation Services Ltd,Airlines,203020,0.5,0.495000005,52682672
AKE AT Equity,Allkem Ltd,Metals & Mining,151040,2.50999999,2.339999914,354009504
ALQ AT Equity,ALS Ltd,Professional Services,202020,5.710000038,4.960000038,2019941632
ATH AT Equity,Alterity Therapeutics ltd,Biotechnology,352010,0.140000001,0.144999996,76430584
ALU AT Equity,Altium Ltd,Software,451030,4.019999981,4.449999809,575263808
AWC AT Equity,Alumina Ltd,Metals & Mining,151040,1.840000033,1.605000019,4503992320
AMA AT Equity,AMA Group Ltd,Commercial Services & Supplies,202010,0.465000004,0.529999971,177153024
1942012D AT Equity,Amcom Telecommunications Pty Ltd,Diversified Telecommunication Services,501010,2.710000038,2.700000048,719277696
AMC AT Equity,Amcor PLC,Containers & Packaging,151030,13.65999985,14.03999996,16941856768
AMP AT Equity,AMP Ltd,Diversified Financial Services,402010,6.699999809,6.440000057,19047833600
ALD AT Equity,Ampol Ltd,"Oil, Gas & Consumable Fuels",101020,36.84000015,34.95000076,9436499968
AGG AT Equity,AngloGold Ashanti Ltd,Metals & Mining,151040,2.789999962,2.579999924,5231361536
ANN AT Equity,Ansell Ltd,Health Care Equipment & Supplies,351010,25.15999985,27.54999924,4219004928
ADO AT Equity,Anteotech Ltd,Life Sciences Tools & Services,352030,0.094999999,0.093999997,79412568
AVR AT Equity,Anteris Technologies Ltd,Health Care Equipment & Supplies,351010,0.098437503,0.071999997,132739912
APA AT Equity,APA Group,Gas Utilities,551020,9.18999958,9.050000191,10084482048
APO AT Equity,APN Outdoor Group Pty Ltd,Media,502010,2.980000019,3.279999971,546495552
ARB AT Equity,ARB Corp Ltd,Auto Components,251010,11.89000034,12.40999985,982328576
AAI AT Equity,Arconic Inc/PA,Aerospace & Defense,201010,22.39999962,23.69000053,27926308864
ALG AT Equity,Ardent Leisure Group Ltd,"Hotels, Restaurants & Leisure",253010,2.400000095,2.24000001,990801536
ARF AT Equity,Arena REIT,Equity Real Estate Investment Trusts (REITs),601010,1.669999957,1.649999976,375497408
ALL AT Equity,Aristocrat Leisure Ltd,"Hotels, Restaurants & Leisure",253010,7.440000057,8.430000305,5343121920
AHY AT Equity,Asaleo Care Ltd,Personal Products,303020,1.794999957,1.889999986,1140557184
AFA AT Equity,ASF Group Ltd,Diversified Financial Services,402010,0.280000001,0.305000007,184971952
ASZ AT Equity,ASG Group Ltd,IT Services,451020,0.754999995,0.790000021,163309456
ASH AT Equity,Ashley Services Group Ltd,Professional Services,202020,1.480000019,1.299999952,195000000
APZ AT Equity,Aspen Group Ltd/Australia,Equity Real Estate Investment Trusts (REITs),601010,1.284999967,1.269999981,143742976
AJA AT Equity,Astro Japan Property Group,Equity Real Estate Investment Trusts (REITs),601010,5.070000172,5,336058784
ASX AT Equity,ASX Ltd,Capital Markets,402030,44.13999939,41.40999985,8016776192
ALX AT Equity,Atlas Arteria Ltd,Transportation Infrastructure,203050,3.279999971,3.25,1662501248
AGO AT Equity,Atlas Iron Ltd,Metals & Mining,151040,0.189999998,0.129999995,119531832
ATU AT Equity,Atrum Coal Ltd,Metals & Mining,151040,1.399999976,1.325000048,225439424
AUB AT Equity,AUB Group Ltd,Insurance,403010,9.300000191,8.680000305,535908384
AIA AT Equity,Auckland International Airport Ltd,Transportation Infrastructure,203050,4.210000038,4.449999809,5297718272
AKP AT Equity,Audio Pixels Holdings Ltd,Household Durables,252010,12.39999962,10.39999962,267353280
AMI AT Equity,Aurelia Metals Ltd,Metals & Mining,151040,0.25999999,0.264999986,102633224
AZJ AT Equity,Aurizon Holdings Ltd,Road & Rail,203040,4.730000019,4.849999905,10301080576
AST AT Equity,AusNet Services Ltd,Electric Utilities,551010,1.465000033,1.460000038,5061692928
ASB AT Equity,Austal Ltd,Aerospace & Defense,201010,1.559999943,1.75999999,610482688
ANZ AT Equity,Australia & New Zealand Banking Group Ltd,Banks,401010,35.34000015,36.63999939,1.01346E+11
AAC AT Equity,Australian Agricultural Co Ltd,Food Products,302020,1.600000024,1.605000019,855183680
ACO AT Equity,Australian Careers Network Ltd,Diversified Consumer Services,253020,1.899999976,1.769999981,148235328
ANI AT Equity,Australian Industrial REIT,Equity Real Estate Investment Trusts (REITs),601010,2.309999943,2.339999914,225314000
API AT Equity,Australian Pharmaceutical Industries Ltd,Health Care Providers & Services,351020,1.139999986,1.815000057,885930304
ABA AT Equity,Auswide Bank Ltd,Thrifts & Mortgage Finance,401020,5.849999905,5.199999809,192611392
AHG AT Equity,Automotive Holdings Group Ltd,Specialty Retail,255040,4.150000095,4.199999809,1287474048
AVB AT Equity,Avanco Resources Ltd,Metals & Mining,151040,0.075999998,0.074000001,122964016
AOG AT Equity,Aveo Group,Real Estate Management & Development,601020,2.599999905,2.660000086,1328628224
AVJ AT Equity,AVJennings Ltd,Household Durables,252010,0.639999986,0.600000024,230654320
AWE AT Equity,AWE Ltd,"Oil, Gas & Consumable Fuels",101020,1.24000001,1.200000048,631033216
AWN AT Equity,AWN Holdings Ltd,Industrial Conglomerates,201050,0.850000024,0.699999988,114211888
BOQ AT Equity,Bank of Queensland Ltd,Banks,401010,13.96000004,13.78999996,5060682752
BAP AT Equity,Bapcor Ltd,Distributors,255010,2.670000076,3.25999999,533289248
BSE AT Equity,Base Resources Ltd,Metals & Mining,151040,0.119999997,0.119999997,67668336
BCI AT Equity,BCI Minerals Ltd,Metals & Mining,151040,0.49000001,0.370000005,72592888
BPT AT Equity,Beach Energy Ltd,"Oil, Gas & Consumable Fuels",101020,1.059999943,1.014999986,1319651840
BLX AT Equity,Beacon Lighting Group Ltd,Specialty Retail,255040,1.909999967,1.960000038,421548832
BDR AT Equity,Beadell Resources Ltd,Metals & Mining,151040,0.319999993,0.25999999,207650896
BGA AT Equity,Bega Cheese Ltd,Food Products,302020,4.800000191,4.800000191,732494144
BFG AT Equity,Bell Financial Group Ltd,Capital Markets,402030,0.524999976,0.5,129811520
BAL AT Equity,Bellamy's Australia Ltd,Food Products,302020,2.24000001,2.700000048,256501056
BEN AT Equity,Bendigo & Adelaide Bank Ltd,Banks,401010,12.81999969,12.55000019,5729906176
BHP AT Equity,BHP Group Ltd,Metals & Mining,151040,33.65000153,31.03000069,1.60264E+11
1642878D AT Equity,BigAir Group Ltd,Wireless Telecommunication Services,501020,0.730000019,0.785000026,137238752
BBG AT Equity,Billabong International Ltd,"Textiles, Apparel & Luxury Goods",252030,0.610000014,0.579999983,574414656
BNO AT Equity,Bionomics Ltd,Biotechnology,352010,0.485000014,0.465000004,194266736
BKL AT Equity,Blackmores Ltd,Personal Products,303020,45,54.54999924,939584640
BLA AT Equity,Blue Sky Alternative Investments Ltd,Capital Markets,402030,3.970000029,4.070000172,229480288
BSL AT Equity,BlueScope Steel Ltd,Metals & Mining,151040,4.820000172,4.179999828,2362641664
1923730D AT Equity,Boart Longyear Ltd,Metals & Mining,151040,0.200000003,0.200000003,186172992
BLD AT Equity,Boral Ltd,Construction Materials,151020,6.139999866,6.380000114,4993857536
BOC AT Equity,Bougainville Copper Ltd,Metals & Mining,151040,0.219999999,0.219999999,88233752
BKN AT Equity,Bradken Ltd,Machinery,201060,2.220000029,1.845000029,315545280
BXB AT Equity,Brambles Ltd,Commercial Services & Supplies,202010,11.10000038,11.52000046,18050293760
BRG AT Equity,Breville Group Ltd,Household Durables,252010,7.349999905,7.550000191,982219648
BKW AT Equity,Brickworks Ltd,Construction Materials,151020,13.31999969,14.44999981,2144430208
BRS AT Equity,Broadspectrum Pty Ltd,Commercial Services & Supplies,202010,1.549999952,1.36500001,699504768
BPA AT Equity,Brookfield Prime Property Fund,Equity Real Estate Investment Trusts (REITs),601010,5.25,5.059999943,248087488
BRU AT Equity,Buru Energy Ltd,"Oil, Gas & Consumable Fuels",101020,0.379999995,0.319999993,108799064
BWP AT Equity,BWP Trust,Equity Real Estate Investment Trusts (REITs),601010,2.980000019,3,1927151360
CGH AT Equity,Calibre Group Ltd,Construction & Engineering,201030,0.239999995,0.234999999,84728280
CAJ AT Equity,Capitol Health Ltd,Health Care Providers & Services,351020,0.930000007,1.070000052,558839808
CDD AT Equity,Cardno Ltd,Commercial Services & Supplies,202010,3.299999952,3.279999971,539772160
CDP AT Equity,Carindale Property Trust,Equity Real Estate Investment Trusts (REITs),601010,6.769999981,6.800000191,476000000
CVN AT Equity,Carnarvon Energy Ltd,"Oil, Gas & Consumable Fuels",101020,0.150000006,0.129999995,128479008
CAR AT Equity,carsales.com Ltd,Interactive Media & Services,502030,10.01000023,10.32999992,2474838784
CCV AT Equity,Cash Converters International Ltd,Consumer Finance,402020,0.930000007,0.899999976,439045056
CWP AT Equity,Cedar Woods Properties Ltd,Real Estate Management & Development,601020,6.179999828,5.550000191,434766880
CIP AT Equity,Centuria Industrial REIT,Equity Real Estate Investment Trusts (REITs),601010,2.599999905,2.549999952,318467552
COF AT Equity,Centuria Office REIT,Equity Real Estate Investment Trusts (REITs),601010,2.24000001,2.210000038,158015360
CUA AT Equity,Centuria Urban REIT,Equity Real Estate Investment Trusts (REITs),601010,2.140000105,2.150000095,167055248
CGF AT Equity,Challenger Ltd,Diversified Financial Services,402010,7.019999981,7.170000076,4084934144
2113693D AT Equity,Chandler Macleod Group Ltd,Professional Services,202020,0.540000021,0.524999976,287692192
CHC AT Equity,Charter Hall Group,Equity Real Estate Investment Trusts (REITs),601010,5,5.099999905,1832644352
CQR AT Equity,Charter Hall Retail REIT,Equity Real Estate Investment Trusts (REITs),601010,4.559999943,4.289999962,1611128320
CQE AT Equity,Charter Hall Social Infrastructure REIT,Equity Real Estate Investment Trusts (REITs),601010,2.220000029,2.200000048,537633472
CNU AT Equity,Chorus Ltd,Diversified Telecommunication Services,501010,2.829999924,2.809999943,1113799040
CII AT Equity,CI Resources Ltd,Metals & Mining,151040,0.850000024,0.899999976,104023000
CIM AT Equity,CIMIC Group Ltd,Construction & Engineering,201030,22.03000069,21.14999962,7159350272
CCX AT Equity,City Chic Collective Ltd,Specialty Retail,255040,0.670000017,0.600000024,115341672
CWY AT Equity,Cleanaway Waste Management Ltd,Commercial Services & Supplies,202010,0.714999974,0.795000017,1256032128
CVW AT Equity,ClearView Wealth Ltd/Australia,Diversified Financial Services,402010,1.039999962,1.034999967,603386560
CUV AT Equity,Clinuvel Pharmaceuticals Ltd,Biotechnology,352010,3.400000095,3,133664360
CCL AT Equity,Coca-Cola Europacific Partners API Pty Ltd,Beverages,302010,10.40999985,10.77999973,8231503360
COH AT Equity,Cochlear Ltd,Health Care Equipment & Supplies,351010,90.41999817,90.52999878,5167612928
CDA AT Equity,Codan Ltd/Australia,"Electronic Equipment, Instruments & Components",452030,0.985000014,0.99000001,175292608
CLH AT Equity,Collection House Ltd,Consumer Finance,402020,2.359999895,2.319999933,304383168
CKF AT Equity,Collins Foods Ltd,"Hotels, Restaurants & Leisure",253010,2.730000019,2.559999943,238080000
CBA AT Equity,Commonwealth Bank of Australia,Banks,401010,91.91999817,93.40000153,1.51431E+11
CPU AT Equity,Computershare Ltd,IT Services,451020,12.57999992,12.72000027,7074903040
COE AT Equity,Cooper Energy Ltd,"Oil, Gas & Consumable Fuels",101020,0.224999994,0.209999993,69700120
CTD AT Equity,Corporate Travel Management Ltd,"Hotels, Restaurants & Leisure",253010,13,11.73999977,1138701952
CUP AT Equity,Countplus Ltd,Professional Services,202020,1.149999976,1.100000024,124976808
CVO AT Equity,Cover-More Group Ltd,Insurance,403010,2.00999999,2.069999933,657742528
CCP AT Equity,Credit Corp Group Ltd,Consumer Finance,402020,11.53999996,11.56000042,535186464
CMW AT Equity,Cromwell Property Group,Equity Real Estate Investment Trusts (REITs),601010,1.169999957,1.13499999,1972321408
CWN AT Equity,Crown Resorts Ltd,"Hotels, Restaurants & Leisure",253010,15.30000019,13.36999989,9738630144
CSV AT Equity,CSG Ltd,IT Services,451020,1.350000024,1.475000024,419119520
CSL AT Equity,CSL Ltd,Biotechnology,352010,92.23999786,92.12000275,43200393216
CSR AT Equity,CSR Ltd,Construction Materials,151020,4.309999943,4.03000021,2039181184
CLX AT Equity,CTI Logistics Ltd,Air Freight & Logistics,203010,1.299999952,1.320000052,87457808
CDU AT Equity,CuDeco Ltd,Metals & Mining,151040,1.355000019,--,--
CVC AT Equity,CVC Ltd,Capital Markets,402030,1.49000001,1.524999976,--
DTL AT Equity,Data#3 Ltd,IT Services,451020,0.790000021,0.790000021,121640208
DCG AT Equity,Decmil Group Ltd,Construction & Engineering,201030,1.409999967,1.269999981,214131888
DVN AU Equity,Devine Ltd,Real Estate Management & Development,601020,0.920000017,0.910000026,144444816
1901467D AT Equity,Dexus,Equity Real Estate Investment Trusts (REITs),601010,7.900000095,7.579999924,6863930880
DXI AT Equity,Dexus Industria REIT,Equity Real Estate Investment Trusts (REITs),601010,2,2,250000000
DDR AT Equity,Dicker Data Ltd,"Electronic Equipment, Instruments & Components",452030,1.799999952,1.639999986,215069648
DMP AT Equity,Domino's Pizza Enterprises Ltd,"Hotels, Restaurants & Leisure",253010,34.93000031,37.16999817,3217464064
DNA AT Equity,Donaco International Ltd,"Hotels, Restaurants & Leisure",253010,0.689999998,0.660000026,451073536
2065630D AT Equity,Doray Minerals Ltd,Metals & Mining,151040,0.49000001,0.469999999,112659840
DOW AT Equity,Downer EDI Ltd,Commercial Services & Supplies,202010,4.420000076,4.46999979,1946237824
DLS AT Equity,Drillsearch Energy Pty Ltd,"Oil, Gas & Consumable Fuels",101020,0.980000019,1.090000033,502600576
DSH AT Equity,DSHE Holdings Ltd,Specialty Retail,255040,2.170000076,1.950000048,461197152
DUE AT Equity,DUET Group,Multi-Utilities,551030,2.539999962,2.549999952,3808881408
DLX AT Equity,DuluxGroup Ltd,Chemicals,151010,6.179999828,6.400000095,2486676992
DWS AT Equity,DWS Pty Ltd,IT Services,451020,1.019999981,0.88499999,116746752
UXC AT Equity,DXC United Pty Ltd,IT Services,451020,0.795000017,0.790000021,262098992
APE AT Equity,Eagers Automotive Ltd,Specialty Retail,255040,6.659999847,7.480000019,1335325696
ENN AT Equity,Elanor Investor Group,"Hotels, Restaurants & Leisure",253010,1.779999971,1.830000043,129279896
ELD AT Equity,Elders Ltd,Food Products,302020,2.789999962,2.289999962,191752400
EHL AT Equity,Emeco Holdings Ltd,Trading Companies & Distributors,201070,0.125,0.119999997,71961088
EML AT Equity,EML Payments Ltd,IT Services,451020,0.660000026,0.730000019,130463560
1643690D AT Equity,Energy Developments Pty Ltd,Independent Power and Renewable Electricity Producers,551050,6.360000134,7.190000057,1229792640
ERA AT Equity,Energy Resources of Australia Ltd,"Oil, Gas & Consumable Fuels",101020,1.370000005,1.25,647156288
EWC AT Equity,Energy World Corp Ltd,Independent Power and Renewable Electricity Producers,551050,0.370000005,0.38499999,667654144
VED AT Equity,Equifax Australia Group Pty Ltd,Professional Services,202020,2.339999914,2.319999933,1954496512
1349523D AT Equity,Equity Trustees Ltd,Capital Markets,402030,21.29000092,21.79999924,420138912
EHE AT Equity,Estia Health Ltd,Health Care Providers & Services,351020,5.849999905,6.130000114,1108828544
1875763D AT Equity,Ethane Pipeline Income Fund,Gas Utilities,551020,1.875,1.799999952,124744096
EZL AT Equity,Euroz Hartleys Group Ltd,Capital Markets,402030,1.065000057,1.00999999,155850896
EVN AT Equity,Evolution Mining Ltd,Metals & Mining,151040,0.845000029,0.855000019,612832000
EVT AT Equity,EVT Ltd,Entertainment,502020,12.30000019,11.73999977,1854721280
FXJ AT Equity,Fairfax Media Ltd,Media,502010,0.980000019,0.954999983,2311554304
FAN AT Equity,Fantastic Holdings Pty Ltd,Household Durables,252010,2.160000086,1.970000029,203586496
FAR AT Equity,FAR Ltd,"Oil, Gas & Consumable Fuels",101020,0.092,0.094999999,297070528
FRI AT Equity,Finbar Group Ltd,Real Estate Management & Development,601020,1.264999986,1.25999999,287777632
2138638D AT Equity,Finders Resources Ltd,Metals & Mining,151040,0.144999996,0.150000006,101678544
FPH AT Equity,Fisher & Paykel Healthcare Corp Ltd,Health Care Equipment & Supplies,351010,6.699999809,6.440000057,3593135104
FBU AT Equity,Fletcher Building Ltd,Building Products,201020,8.369999886,8.25,5674802176
FLT AT Equity,Flight Centre Travel Group Ltd,"Hotels, Restaurants & Leisure",253010,41.25999832,39.65000153,3996825088
FLK AT Equity,Folkestone Ltd,Real Estate Management & Development,601020,0.234999999,0.234999999,172735296
FSF AT Equity,Fonterra Co-operative Group Ltd,Food Products,302020,5.710000038,5.420000076,8653741056
FMG AT Equity,Fortescue Metals Group Ltd,Metals & Mining,151040,2.49000001,1.960000038,6103044096
FLN AT Equity,Freelancer Ltd,Professional Services,202020,0.959999979,0.980000019,428779936
FSA AT Equity,FSA Group Ltd,Consumer Finance,402020,1.279999971,1.294999957,161994928
GEM AT Equity,G8 Education Ltd,Diversified Consumer Services,253020,4.360000134,3.359999895,1206748032
GJT AT Equity,Galileo Japan Trust,Equity Real Estate Investment Trusts (REITs),601010,1.870000005,1.855000019,197454848
GZL AT Equity,Gazal Corp Ltd,"Textiles, Apparel & Luxury Goods",252030,2.700000048,2.5,144423216
GBT AT Equity,GBST Holdings Ltd,IT Services,451020,5,5.980000019,398039104
GDI AT Equity,GDI Property Group Partnership,Equity Real Estate Investment Trusts (REITs),601010,0.920000017,0.925000012,525006880
GNE AT Equity,Genesis Energy Ltd,Electric Utilities,551010,2.119999886,2.190000057,2190000128
GID AT Equity,GI Dynamics Inc,Health Care Equipment & Supplies,351010,0.284999996,0.144999996,68763880
GFY AT Equity,Godfreys Group Ltd,Specialty Retail,255040,3.400000095,3.420000076,137819360
GOR AT Equity,Gold Road Resources Ltd,Metals & Mining,151040,0.36500001,0.349999994,208208640
GMG AT Equity,Goodman Group,Equity Real Estate Investment Trusts (REITs),601010,6.239999771,6.349999905,11131778048
GOW AT Equity,Gowing Brothers Ltd,Diversified Financial Services,402010,3.109999895,3.170000076,--
GPT AT Equity,GPT Group/The,Equity Real Estate Investment Trusts (REITs),601010,4.699999809,4.570000172,8123536384
GNG AT Equity,GR Engineering Services Ltd,Metals & Mining,151040,0.879999995,0.889999986,133863072
GNC AT Equity,GrainCorp Ltd,Food & Staples Retailing,301010,9.869999886,9.409999847,2153531392
GRR AT Equity,Grange Resources Ltd,Metals & Mining,151040,0.104999997,0.115000002,133093952
GEG AT Equity,Grays eCommerce Group Ltd,Interactive Media & Services,502030,1.269999981,0.879999995,81428816
GXL AT Equity,Greencross Ltd,Specialty Retail,255040,9.399999619,7.989999771,898707200
GMF AT Equity,Growthpoint Metro Office Fund,Equity Real Estate Investment Trusts (REITs),601010,2.180000067,2.170000076,276893088
GOZ AT Equity,Growthpoint Properties Australia Ltd,Equity Real Estate Investment Trusts (REITs),601010,3.019999981,3.029999971,1724154112
GUD AT Equity,GUD Holdings Ltd,Auto Components,251010,7.769999981,8.239999771,584541440
GWA AT Equity,GWA Group Ltd,Building Products,201020,2.5,2.589999914,793922496
PBG AT Equity,Hanes Australasia Pty Ltd,Distributors,255010,0.474999994,0.460000008,421924096
HSN AT Equity,Hansen Technologies Ltd,Software,451030,2.200000048,2.319999933,379288320
HVN AT Equity,Harvey Norman Holdings Ltd,Multiline Retail,255030,4.420000076,4.449999809,4942187520
HLS AT Equity,Healius Ltd,Health Care Providers & Services,351020,4.71999979,5.5,2816718080
HSO AT Equity,Healthscope Ltd,Health Care Providers & Services,351020,2.930000067,3.059999943,5300210176
HLI AT Equity,Helia Group Ltd,Thrifts & Mortgage Finance,401020,3.319999933,3.299999952,2144999936
HLO AT Equity,Helloworld Travel Ltd,"Hotels, Restaurants & Leisure",253010,0.360000014,0.319999993,140914016
HFR AT Equity,Highfield Resources Ltd,Chemicals,151010,0.899999976,1.460000038,367920000
HIL AT Equity,Hills Ltd,"Electronic Equipment, Instruments & Components",452030,0.879999995,0.86500001,200667472
HZN AT Equity,Horizon Oil Ltd,"Oil, Gas & Consumable Fuels",101020,0.119999997,0.109999999,143217952
HPI AT Equity,Hotel Property Investments Ltd,Equity Real Estate Investment Trusts (REITs),601010,2.579999924,2.75999999,403251008
HT1 AT Equity,HT&E Ltd,Media,502010,0.964999974,0.995000005,1023896192
HUM AT Equity,Humm Group Ltd,Consumer Finance,402020,3.50999999,3.450000048,1049316544
HUO AT Equity,Huon Aquaculture Group Ltd,Food Products,302020,4.949999809,4.639999866,405244640
HTA AT Equity,Hutchison Telecommunications Australia Ltd,Wireless Telecommunication Services,501020,0.066,0.072999999,990793152
HYD AT Equity,Hydrix Ltd,"Electronic Equipment, Instruments & Components",452030,0.275000006,0.204999998,101147784
IFN AT Equity,Iberdrola Australia Ltd,Independent Power and Renewable Electricity Producers,551050,0.264999986,0.280000001,215008528
ICQ AT Equity,iCar Asia Ltd,Interactive Media & Services,502030,1.129999995,1.080000043,236080128
IGO AT Equity,IGO Ltd,Metals & Mining,151040,5.690000057,5.239999771,1227504512
IIN AT Equity,iiNet Ltd,Diversified Telecommunication Services,501010,6.559999943,8.829999924,1438856448
ILU AT Equity,Iluka Resources Ltd,Metals & Mining,151040,7.860000134,8.5,3558961408
IMD AT Equity,Imdex Ltd,Metals & Mining,151040,0.330000013,0.360000014,77833128
IPD AT Equity,ImpediMed Ltd,Health Care Equipment & Supplies,351010,0.839999974,0.850000024,249294672
IPL AT Equity,Incitec Pivot Ltd,Chemicals,151010,4.070000172,4.070000172,6819779584
IFM AT Equity,Infomedia Ltd,Software,451030,1.184999943,1.230000019,378824864
INA AT Equity,Ingenia Communities Group,Equity Real Estate Investment Trusts (REITs),601010,0.414999992,0.395000011,348666432
IFL AT Equity,Insignia Financial Ltd,Capital Markets,402030,10.60999966,10.28999996,3088376320
IAG AT Equity,Insurance Australia Group Ltd,Insurance,403010,6.099999905,6.099999905,14283871232
IRI AT Equity,Integrated Research Ltd,Software,451030,1.590000033,1.909999967,324071520
IQE AT Equity,Intueri Education Group Ltd,Diversified Consumer Services,253020,2.299999952,2.069999933,207000000
IVC AT Equity,InvoCare Ltd,Diversified Consumer Services,253020,13.77999973,13.14000034,1445798144
IPH AT Equity,IPH Ltd,Professional Services,202020,4.71999979,4.889999866,770465920
IPP AT Equity,iProperty Group Pty Ltd/NS,Interactive Media & Services,502030,2.900000095,2.809999943,524636000
IRE AT Equity,IRESS Ltd,Software,451030,9.75,10.5,1670521856
IRD AT Equity,Iron Road Ltd,Metals & Mining,151040,0.150000006,0.104999997,61103372
ISU AT Equity,iSelect Ltd,Diversified Consumer Services,253020,1.465000033,1.485000014,388312512
ISD AT Equity,iSentia Group Ltd,Software,451030,3.299999952,3.660000086,732000000
JHX AT Equity,James Hardie Industries PLC,Construction Materials,151020,15.14000034,15.26000023,6801086976
JHG AT Equity,Janus Henderson Group PLC,Capital Markets,402030,5.059999943,5.53000021,6308927488
JHC AT Equity,Japara Healthcare Ltd,Health Care Providers & Services,351020,2.650000095,2.700000048,710225792
JBH AT Equity,JB Hi-Fi Ltd,Specialty Retail,255040,17.47999954,18.67000008,1847976832
KSC AT Equity,K&S Corp Ltd,Air Freight & Logistics,203010,1.38499999,1.529999971,179032320
KAM AT Equity,K2 Asset Management Holdings Ltd,Capital Markets,402030,0.639999986,0.620000005,144803728
KAR AT Equity,Karoon Energy Ltd,"Oil, Gas & Consumable Fuels",101020,2.619999886,2.160000086,532728608
KLS AT Equity,Kelsian Group Ltd,Road & Rail,203040,2.549999952,2.559999943,196646208
KPL AT Equity,Kina Petroleum Ltd,"Oil, Gas & Consumable Fuels",101020,0.254999995,0.25,76724728
KCN AT Equity,Kingsgate Consolidated Ltd,Metals & Mining,151040,0.790000021,0.689999998,154273600
KRM AT Equity,Kingsrose Mining Ltd,Metals & Mining,151040,0.289999992,0.215000004,77101472
KMD AT Equity,KMD Brands Ltd,Specialty Retail,255040,1.5,1.370000005,276033888
LLC AT Equity,Lendlease Corp Ltd,Real Estate Management & Development,601020,17.35000038,16.63999939,9658995712
LHC AT Equity,LifeHealthcare Group Ltd,Health Care Providers & Services,351020,2.940000057,3.160000086,134418976
LIC AT Equity,Lifestyle Communities Ltd,Real Estate Management & Development,601020,2.400000095,2.369999886,240306464
LAU AT Equity,Lindsay Australia Ltd,Road & Rail,203040,0.495000005,0.49000001,124670280
LNG AT Equity,Liquefied Natural Gas Ltd,"Oil, Gas & Consumable Fuels",101020,3.549999952,3.160000086,1462900480
2062416D AT Equity,Lonestar Resources Ltd,"Oil, Gas & Consumable Fuels",101020,0.209999993,0.165000007,124110888
LOV AT Equity,Lovisa Holdings Ltd,Specialty Retail,255040,2.299999952,2.5,262500000
LYC AT Equity,Lynas Rare Earths Ltd,Metals & Mining,151040,0.057999998,0.043000001,144953104
MTU AT Equity,M2 Group Ltd,Diversified Telecommunication Services,501010,9.880000114,10.14000034,1849249408
MLD AT Equity,MACA Ltd,Metals & Mining,151040,1.100000024,0.875,203591824
MAH AT Equity,Macmahon Holdings Ltd,Metals & Mining,151040,0.050999999,0.048999999,61823296
MQG AT Equity,Macquarie Group Ltd,Capital Markets,402030,72.86000061,76.66999817,25577062400
MAQ AT Equity,Macquarie Telecom Group Ltd,Diversified Telecommunication Services,501010,5,5,104835608
MFG AT Equity,Magellan Financial Group Ltd,Capital Markets,402030,19.87000084,19.63999939,3340480256
1890913D AT Equity,Mantra Group Ltd,"Hotels, Restaurants & Leisure",253010,3.220000029,3.349999905,891929856
MXI AT Equity,MaxiPARTS Ltd,Machinery,201060,0.605000019,0.524999976,97164720
MYX AT Equity,Mayne Pharma Group Ltd,Pharmaceuticals,352020,0.925000012,0.954999983,750080448
MMS AT Equity,McMillan Shakespeare Ltd,Professional Services,202020,11.65999985,11.89999962,973550784
MCP AT Equity,McPherson's Ltd,Personal Products,303020,1.225000024,1.120000005,108286536
MDL AT Equity,MD 064 377 420 Pty Ltd,Metals & Mining,151040,0.769999981,0.779999971,80867544
MPL AT Equity,Medibank Pvt Ltd,Insurance,403010,2.559999943,2.319999933,6389287424
MSB AT Equity,Mesoblast Ltd,Biotechnology,352010,4.139999866,3.630000114,1177720960
MLX AT Equity,Metals X Ltd,Metals & Mining,151040,1.235000014,1.200000048,499213120
MTS AT Equity,Metcash Ltd,Food & Staples Retailing,301010,1.570000052,1.549999952,1438954624
MCR AT Equity,Mincor Resources NL,Metals & Mining,151040,0.675000012,0.675000012,127081088
MIN AT Equity,Mineral Resources Ltd,Metals & Mining,151040,7.869999886,6.75,1264074368
MGR AT Equity,Mirvac Group,Equity Real Estate Investment Trusts (REITs),601010,2.079999924,2.00999999,7432217088
MRM AT Equity,MMA Offshore Ltd,Energy Equipment & Services,101010,0.879999995,0.660000026,243319712
MND AT Equity,Monadelphous Group Ltd,Construction & Engineering,201030,9.600000381,9.989999771,929053824
MVF AT Equity,Monash IVF Group Ltd,Health Care Providers & Services,351020,1.399999976,1.575000048,363952704
MNY AT Equity,Money3 Corp Ltd,Consumer Finance,402020,1.639999986,1.495000005,191933680
MOC AT Equity,Mortgage Choice Ltd,Thrifts & Mortgage Finance,401020,2.730000019,2.549999952,316751424
MGX AT Equity,Mount Gibson Iron Ltd,Metals & Mining,151040,0.25,0.219999999,239977104
MYR AT Equity,Myer Holdings Ltd,Multiline Retail,255030,1.855000019,1.355000019,793609344
MYS AT Equity,MyState Ltd,Thrifts & Mortgage Finance,401020,5.46999979,5.159999847,450382432
NAN AT Equity,Nanosonics Ltd,Health Care Equipment & Supplies,351010,1.769999981,1.899999976,534544544
NAB AT Equity,National Australia Bank Ltd,Banks,401010,37.90000153,38.54999924,93333872640
NSR AT Equity,National Storage REIT,Equity Real Estate Investment Trusts (REITs),601010,1.5,1.600000024,473010656
NGI AT Equity,Navigator Global Investments Ltd,Capital Markets,402030,1.720000029,2.099999905,340510592
NVT AT Equity,Navitas Ltd,Diversified Consumer Services,253020,4.610000134,4.900000095,1844021760
NEA AT Equity,Nearmap Ltd,Software,451030,0.545000017,0.550000012,193432864
NET AT Equity,NetLinkz Ltd,Software,451030,0.360000014,0.375,224562976
NEU AT Equity,Neuren Pharmaceuticals Ltd,Pharmaceuticals,352020,0.170000002,0.093000002,150899760
NHC AT Equity,New Hope Corp Ltd,"Oil, Gas & Consumable Fuels",101020,2.569999933,2.430000067,2019328640
NCM AT Equity,Newcrest Mining Ltd,Metals & Mining,151040,14.39000034,13.36999989,10248251392
NWF AT Equity,Newfield Resources Ltd,Metals & Mining,151040,0.699999988,0.829999983,143055536
NWS AT Equity,News Corp,Media,502010,21.67000008,21.06999969,12249339904
NWT AT Equity,NewSat Ltd,Diversified Telecommunication Services,501010,0.150000006,0.115000002,74045600
NXT AT Equity,NEXTDC Ltd,IT Services,451020,2.519999981,2.569999933,505856256
NHF AT Equity,nib holdings Ltd/Australia,Insurance,403010,3.730000019,3.700000048,1624315520
NCK AT Equity,Nick Scali Ltd,Specialty Retail,255040,3.480000019,3.460000038,280260000
NEC AT Equity,Nine Entertainment Co Holdings Ltd,Media,502010,2.049999952,2.109999895,1984022528
NTU AT Equity,Northern Minerals Ltd/Australia,Metals & Mining,151040,0.234999999,0.209999993,93324560
NST AT Equity,Northern Star Resources Ltd,Metals & Mining,151040,2.359999895,2.299999952,1363120000
GHC AT Equity,Northwest Healthcare Properties Australia Real Estate Investment Trust,Equity Real Estate Investment Trusts (REITs),601010,1.600000024,1.575000048,279655712
NGF AT Equity,Norton Gold Fields Ltd,Metals & Mining,151040,0.189999998,0.194999993,181710880
NOU AT Equity,Noumi Ltd,Food Products,302020,3.369999886,2.99000001,458535392
NWH AT Equity,NRW Holdings Ltd,Construction & Engineering,201030,0.270000011,0.200000003,55777600
NUF AT Equity,Nufarm Ltd/Australia,Chemicals,151010,7.260000229,6.650000095,1761905024
OCL AT Equity,Objective Corp Ltd,Software,451030,1.299999952,1.629999995,147510560
OGC AT Equity,OceanaGold Corp,Metals & Mining,151040,2.470000029,2.519999981,759251264
OFX AT Equity,OFX Group Ltd,Diversified Financial Services,402010,2.410000086,2.410000086,578400000
OSH AT Equity,Oil Search Ltd,"Oil, Gas & Consumable Fuels",101020,8.159999847,7.199999809,10963387392
OMH AT Equity,OM Holdings Ltd,Metals & Mining,151040,0.310000002,0.300000012,220027008
OBL AT Equity,Omni Bridgeway Ltd,Diversified Financial Services,402010,2.470000029,2.130000114,354817440
AJD AT Equity,One Wholesale Fund Services Ltd,Equity Real Estate Investment Trusts (REITs),601010,1.274999976,1.299999952,149500128
OML AT Equity,oOh!media Ltd,Media,502010,2.450000048,2.359999895,353722784
ORI AT Equity,Orica Ltd,Chemicals,151010,19.81999969,20.01000023,7458593280
ORG AT Equity,Origin Energy Ltd,Electric Utilities,551010,12.21000004,11.31000042,12549144576
ORA AT Equity,Orora Ltd,Containers & Packaging,151030,2.269999981,2.269999981,2739174912
ORL AT Equity,OrotonGroup Ltd,Specialty Retail,255040,2.900000095,2.660000086,108743200
OEL AT Equity,Otto Energy Ltd,"Oil, Gas & Consumable Fuels",101020,0.100000001,0.104999997,121357952
OVT AT Equity,Ovato Ltd,Commercial Services & Supplies,202010,0.479999989,0.460000008,148939312
OZL AT Equity,OZ Minerals Ltd,Metals & Mining,151040,3.809999943,3.940000057,1195671936
PAC AT Equity,Pacific Current Group Ltd,Capital Markets,402030,13.5,13.02000046,359405952
PEA AT Equity,Pacific Energy Ltd,Independent Power and Renewable Electricity Producers,551050,0.460000008,0.449999988,166215760
1773029D AT Equity,Pacific National Holdings Pty Ltd,Road & Rail,203040,6.480000019,6.340000153,6183945216
PSQ AT Equity,Pacific Smiles Group Ltd,Health Care Providers & Services,351020,2.470000029,2.650000095,402782496
PGH AT Equity,Pact Group Holdings Ltd,Containers & Packaging,151030,4.369999886,4.21999979,1241292032
PDN AT Equity,Paladin Energy Ltd,"Oil, Gas & Consumable Fuels",101020,0.395000011,0.375,625097856
PNA AT Equity,PanAust Ltd,Metals & Mining,151040,1.309999943,1.720000029,1114323584
PAN AT Equity,Panoramic Resources Ltd,Metals & Mining,151040,0.600000024,0.560000002,180474464
PGR AT Equity,PAS Group Ltd/The,Specialty Retail,255040,0.550000012,0.519999981,71079248
PFL AT Equity,Patties Foods Pty Ltd,Food Products,302020,1.200000048,1.230000019,171258000
PAY AT Equity,Payce Consolidated Ltd,Real Estate Management & Development,601020,5.550000191,7.900000095,234987200
PPC AT Equity,Peet Ltd,Real Estate Management & Development,601020,1.174999952,1.220000029,591521536
PDL AT Equity,Pendal Group Ltd,Capital Markets,402030,8.75,9.170000076,2681385216
PEN AT Equity,Peninsula Energy Ltd,"Oil, Gas & Consumable Fuels",101020,0.018999999,0.017999999,124322560
PRN AT Equity,Perenti Ltd,Metals & Mining,151040,0.38499999,0.275000006,85876232
PPT AT Equity,Perpetual Ltd,Capital Markets,402030,54.70999908,55.02000046,2562524928
PRU AT Equity,Perseus Mining Ltd,Metals & Mining,151040,0.354999989,0.284999996,150097072
2177221D AT Equity,Phileo Australia Ltd,Real Estate Management & Development,601020,5.800000191,6.769999981,195835920
PTM AT Equity,Platinum Asset Management Ltd,Capital Markets,402030,8.430000305,7.820000172,4571978752
POS AT Equity,Poseidon Nickel Ltd,Metals & Mining,151040,0.135000005,0.119999997,82030600
PMV AT Equity,Premier Investments Ltd,Specialty Retail,255040,11.77999973,12.81000042,1997079936
PME AT Equity,Pro Medicus Ltd,Health Care Technology,351030,1.480000019,1.580000043,158416176
PPG AT Equity,Pro-Pac Packaging Ltd,Containers & Packaging,151030,0.49000001,0.469999999,106510816
PRG AT Equity,Programmed Maintenance Services Ltd,Commercial Services & Supplies,202010,2.430000067,2.420000076,287174560
SKE AT Equity,Programmed Skilled Workforce Ltd,Professional Services,202020,1.424999952,1.254999995,296052352
PRT AT Equity,PRT Co Ltd,Media,502010,0.860000014,0.88499999,324202304
PFT AT Equity,Pure Foods Tasmania Ltd,Food Products,302020,0.002,0.003,201180592
QAN AT Equity,Qantas Airways Ltd,Airlines,203020,2.890000105,3.119999886,6852550656
QBE AT Equity,QBE Insurance Group Ltd,Insurance,403010,12.98999977,13.03999996,17798887424
WLF AT Equity,QBS Flywheel Ltd,Metals & Mining,151040,0.379999995,0.400000006,323369632
QUB AT Equity,Qube Holdings Ltd,Transportation Infrastructure,203050,2.970000029,2.970000029,3131651584
QIN AT Equity,Quintis Ltd,Paper & Forest Products,151050,1.840000033,1.75999999,575490880
RHC AT Equity,Ramsay Health Care Ltd,Health Care Providers & Services,351020,66.90000153,67.23999786,13587943424
1847635D AT Equity,RCR Tomlinson Ltd,Construction & Engineering,201030,2.5,1.995000005,276797184
REA AT Equity,REA Group Ltd,Interactive Media & Services,502030,49.00999832,48.27999878,6359185920
1913057D AT Equity,Recall Holdings Ltd,Commercial Services & Supplies,202010,7.71999979,7.739999771,2427842304
RKN AT Equity,Reckon Ltd,Software,451030,1.904999971,1.929999948,216323584
RDF AT Equity,Redflex Holdings Ltd,"Electronic Equipment, Instruments & Components",452030,0.680000007,0.439999998,48735416
REH AT Equity,Reece Ltd,Trading Companies & Distributors,201070,34.5,34.5,3436199936
RCT AT Equity,Reef Casino Trust,"Hotels, Restaurants & Leisure",253010,2.964999914,3.099999905,152089216
RGN AT Equity,Region RE Ltd,Metals & Mining,151040,--,--,--
REX AT Equity,Regional Express Holdings Ltd,Airlines,203020,1,1,110154376
REG AT Equity,Regis Healthcare Ltd,Health Care Providers & Services,351020,5.369999886,6,1802074752
RRL AT Equity,Regis Resources Ltd,Metals & Mining,151040,1.904999971,1.315000057,657212800
TRS AT Equity,Reject Shop Ltd/The,Multiline Retail,255030,7.119999886,6.699999809,193259152
RMD AT Equity,ResMed Inc,Health Care Equipment & Supplies,351010,8.229999542,9.300000191,12968346624
RSG AT Equity,Resolute Mining Ltd,Metals & Mining,151040,0.330000013,0.310000002,198768656
RFG AT Equity,Retail Food Group Ltd,"Hotels, Restaurants & Leisure",253010,7.559999943,7.059999943,1131872640
RHP AT Equity,Rhipe Ltd,IT Services,451020,1.289999962,1.274999976,169319920
RIC AT Equity,Ridley Corp Ltd,Food Products,302020,1.039999962,1.070000052,329364288
RIO AT Equity,Rio Tinto Ltd,Metals & Mining,151040,64.41000366,57.22999954,1.00936E+11
RWH AT Equity,Royal Wolf Holdings Ltd,Commercial Services & Supplies,202010,2.369999886,2.029999971,203785728
RUL AT Equity,RPMGlobal Holdings Ltd,Software,451030,0.600000024,0.560000002,99485712
RFF AT Equity,Rural Funds Group,Equity Real Estate Investment Trusts (REITs),601010,1.089704633,1.019999981,127249416
RHL AT Equity,Ruralco Holdings Ltd,Distributors,255010,3.829999924,3.559999943,277224192
SAI AT Equity,SAI Global Ltd,Professional Services,202020,4.28000021,4.139999866,876693568
1940877D AT Equity,Salmat Ltd,Media,502010,1.195000052,0.930000007,148625904
SFR AT Equity,Sandfire Resources Ltd,Metals & Mining,151040,4.389999866,4.420000076,691411776
STO AT Equity,Santos Ltd,"Oil, Gas & Consumable Fuels",101020,7.940000057,7.139999866,7165171200
SAR AT Equity,Saracen Mineral Holdings Ltd,Metals & Mining,151040,0.419999987,0.425000012,336933504
SCG AT Equity,Scentre Group,Equity Real Estate Investment Trusts (REITs),601010,3.859999895,3.74000001,19912869888
SDM AT Equity,Sedgman Pty Ltd,Construction & Engineering,201030,0.764999986,0.680000007,154400304
SEK AT Equity,SEEK Ltd,Interactive Media & Services,502030,17.29000092,17.12000084,5890597888
SHV AT Equity,Select Harvests Ltd,Food Products,302020,7.269999981,7.409999847,525671872
SXY AT Equity,Senex Energy Ltd,"Oil, Gas & Consumable Fuels",101020,0.340000004,0.314999998,362142080
SRV AT Equity,Servcorp Ltd,Real Estate Management & Development,601020,6.03000021,6.550000191,644731392
SVW AT Equity,Seven Group Holdings Ltd,Trading Companies & Distributors,201070,7.019999981,7.210000038,2136036608
SWM AT Equity,Seven West Media Ltd,Media,502010,1.480000019,1.340000033,1338875648
SWL AT Equity,Seymour Whyte Ltd,Construction & Engineering,201030,1.350000024,1.299999952,114100824
SGF AT Equity,SG Fleet Group Ltd,Commercial Services & Supplies,202010,2.289999962,2.349999905,570325824
SFX AT Equity,Sheffield Resources Ltd/AU,Metals & Mining,151040,0.75999999,0.730000019,98134440
EPW AT Equity,Shell Energy Operations Pty Ltd,Electric Utilities,551010,2.150000095,2.269999981,548634432
SHJ AT Equity,Shine Justice Ltd,Diversified Consumer Services,253020,3.130000114,3.25999999,562024256
SIG AT Equity,Sigma Healthcare Ltd,Health Care Providers & Services,351020,0.915000021,0.889999986,973148160
SLX AT Equity,Silex Systems Ltd,Semiconductors & Semiconductor Equipment,453010,0.639999986,0.504999995,86086008
SLR AT Equity,Silver Lake Resources Ltd,Metals & Mining,151040,0.204999998,0.200000003,100646792
SIO AT Equity,Simonds Group Ltd,Household Durables,252010,1.669999957,1.5,227118400
SGM AT Equity,Sims Ltd,Metals & Mining,151040,12.21000004,12.36999989,2533325056
SGT AT Equity,Singapore Telecommunications Ltd,Diversified Telecommunication Services,501010,4.059999943,4.159999847,66321412096
SAO AT Equity,Sino Australia Oil and Gas Ltd,"Oil, Gas & Consumable Fuels",101020,0.439999998,--,--
SEH AT Equity,Sino Gas & Energy Holdings Ltd,"Oil, Gas & Consumable Fuels",101020,0.200000003,0.189999998,293406976
SIR AT Equity,Sirius Resources NL,Metals & Mining,151040,3.200000048,2.730000019,1125310336
2105597D AT Equity,Sirtex Medical Ltd,Biotechnology,352010,35.54999924,20.79999924,1175828864
SIV AT Equity,Siv Capital Ltd,Trading Companies & Distributors,201070,7.699999809,8.069999695,240190560
SKT AT Equity,SKY Network Television Ltd,Media,502010,5.449999809,5.820000172,2264793344
SKC AT Equity,SKYCITY Entertainment Group Ltd,"Hotels, Restaurants & Leisure",253010,3.859999895,4.050000191,2379264512
SGH AT Equity,Slater & Gordon Ltd,Diversified Consumer Services,253020,7.021747589,7.077996731,1490370304
SIQ AT Equity,SmartGroup Corp Ltd,Professional Services,202020,1.659999967,1.549999952,159131792
1644836D AT Equity,SMS Management & Technology Ltd,Metals & Mining,151040,3.769999981,3.539999962,245385776
SOM AT Equity,SomnoMed Ltd,Health Care Equipment & Supplies,351010,3.089999914,2.75999999,140497152
SHL AT Equity,Sonic Healthcare Ltd,Health Care Providers & Services,351020,19.44000053,20.44000053,8216094208
SXL AT Equity,Southern Cross Media Group Ltd,Media,502010,1.095000029,1.149999976,842167616
SKI AT Equity,Spark Infrastructure Group,Electric Utilities,551010,2.140000105,1.980000019,2903393024
SPK AT Equity,Spark New Zealand Ltd,Diversified Telecommunication Services,501010,3.160000086,2.930000067,5375915520
SDA AT Equity,SpeedCast International Ltd,Diversified Telecommunication Services,501010,2.220000029,2.569999933,308832672
SPH AT Equity,Sphere Minerals Ltd,Metals & Mining,151040,--,3.099999905,676634816
SPO AT Equity,Spotless Group Holdings Ltd,Commercial Services & Supplies,202010,2.089999914,2.269999981,2493118720
SGR AT Equity,Star Entertainment Grp Ltd/The,"Hotels, Restaurants & Leisure",253010,4.380000114,4.519999981,3732040704
SPL AT Equity,Starpharma Holdings Ltd,Pharmaceuticals,352020,0.514999986,0.439999998,140420928
SDF AT Equity,Steadfast Group Ltd,Insurance,403010,1.539999962,1.519999981,1127003136
SST AT Equity,Steamships Trading Co Ltd,Industrial Conglomerates,201050,29.5,29,899238976
SGP AT Equity,Stockland,Equity Real Estate Investment Trusts (REITs),601010,4.690000057,4.5,10627730432
SUN AT Equity,Suncorp Group Ltd,Insurance,403010,13.97999954,13.5,17369112576
SEA AT Equity,Sundance Energy Australia Ltd,"Oil, Gas & Consumable Fuels",101020,0.555000007,0.449999988,247208064
SDL AT Equity,Sundance Resources Ltd,Metals & Mining,151040,0.026000001,0.021,65315272
SDG AT Equity,Sunland Group Ltd,Real Estate Management & Development,601020,1.735000014,1.904999971,346157696
SUL AT Equity,Super Retail Group Ltd,Specialty Retail,255040,9.649999619,9.609999657,1893463808
SRF AT Equity,Surfstitch Group Ltd,Internet & Direct Marketing Retail,255020,1.25,1.335000038,285829984
SYD AT Equity,Sydney Airport,Transportation Infrastructure,203050,5.159999847,5.179999828,11479999488
SYM AT Equity,Symbio Holdings Ltd,Software,451030,2.619999886,3.039999962,190487056
SYR AT Equity,Syrah Resources Ltd,Metals & Mining,151040,4.429999828,3.700000048,611325440
TAH AT Equity,Tabcorp Holdings Ltd,"Hotels, Restaurants & Leisure",253010,5.070000172,4.739999771,3931355136
TAP AT Equity,Tap Oil Ltd,"Oil, Gas & Consumable Fuels",101020,0.349999994,0.245000005,59605640
TGR AT Equity,Tassal Group Ltd,Food Products,302020,3.75,3.400000095,499450176
TTS AT Equity,Tatts Group Ltd,"Hotels, Restaurants & Leisure",253010,3.980000019,3.980000019,5755938304
TNE AT Equity,Technology One Ltd,Software,451030,3.819999933,4.019999981,1243021952
2200359D AT Equity,Telstra Corp Ltd,Diversified Telecommunication Services,501010,6.369999886,6.309999943,77143891968
TEN AT Equity,Ten Network Holdings Ltd,Media,502010,0.230000004,0.204999998,556157888
X64 AT Equity,Ten Sixty Four Ltd,Metals & Mining,151040,0.980000019,0.949999988,197404576
TZN AT Equity,Terramin Australia Ltd,Metals & Mining,151040,0.129999995,0.125,189386576
TGA AT Equity,Thorn Group Ltd,Specialty Retail,255040,2.769999981,2.670000076,404072032
TIA AT Equity,Tian An Australia Ltd,Real Estate Management & Development,601020,0.015,0.017000001,110425696
TGS AT Equity,Tiger Resources Ltd,Metals & Mining,151040,0.07,0.050000001,57177068
TIG AT Equity,Tigers Realm Coal Ltd,Metals & Mining,151040,0.129999995,0.125,111718856
TOL AT Equity,Toll Holdings Ltd,Air Freight & Logistics,203010,8.93999958,8.859999657,6356499456
TOE AT Equity,Toro Energy Ltd,"Oil, Gas & Consumable Fuels",101020,0.083999999,0.078000002,148494016
TOX AT Equity,Tox Free Solutions Ltd,Commercial Services & Supplies,202010,3,2.829999924,379078176
TPM AT Equity,TPG Corp Ltd,Diversified Telecommunication Services,501010,7.619999886,9.170000076,7279220736
TME AT Equity,Trade Me Group Ltd,Internet & Direct Marketing Retail,255020,3.74000001,3.640000105,1444463360
TCL AT Equity,Transurban Group,Transportation Infrastructure,203050,9.149999619,9.529999733,18244823040
TWE AT Equity,Treasury Wine Estates Ltd,Beverages,302010,5.429999828,5.119999886,3334458368
TBR AT Equity,Tribune Resources Ltd,Metals & Mining,151040,3.00999999,3.299999952,165332656
TRY AT Equity,Troy Resources Ltd,Metals & Mining,151040,0.555000007,0.449999988,87869328
IOF AT Equity,Trustee For The Armstrong Jones Office Fund/The,Equity Real Estate Investment Trusts (REITs),601010,4.019999981,3.900000095,2394785280
UGL AT Equity,UGL Pty Ltd,Construction & Engineering,201030,1.735000014,1.455000043,242273856
UNS AT Equity,Unilife Corp,Health Care Equipment & Supplies,351010,0.879999995,0.86500001,668514112
UOS AT Equity,United Overseas Australia Ltd,Real Estate Management & Development,601020,0.5,0.540000021,633083584
UBN AT Equity,Urbanise.com Ltd,Software,451030,0.725000024,0.920000017,202322896
URF AT Equity,US Masters Residential Property Fund,Equity Real Estate Investment Trusts (REITs),601010,2.160000086,2.200000048,598974528
NVN AT Equity,Vicinity Holdings Ltd,Equity Real Estate Investment Trusts (REITs),601010,2.460000038,2.50999999,7723807232
VCX AT Equity,Vicinity Ltd,Equity Real Estate Investment Trusts (REITs),601010,2.980000019,3.039999962,4340030464
VLW AT Equity,Villa World Ltd,Real Estate Management & Development,601020,2.200000048,2.309999943,254895280
VRL AT Equity,Village Roadshow Ltd,Entertainment,502020,5.550000191,5.619999886,896516416
VAH AT Equity,Virgin Australia Holdings Pty Ltd,Airlines,203020,0.5,0.514999986,1815329792
VRT AT Equity,Virtus Health Ltd,Health Care Providers & Services,351020,7.849999905,7.329999924,585930432
VEI AT Equity,Vision Eye Institute Ltd,Health Care Providers & Services,351020,0.660000026,0.680000007,125305152
VTG AT Equity,Vita Group Ltd,Specialty Retail,255040,1.75,1.649999976,241704704
VOC AT Equity,Vocus Group Ltd,Diversified Telecommunication Services,501010,6,5.869999886,618944256
WJA AT Equity,Wameja Ltd,Software,451030,0.550000012,0.310000002,82389952
WCB AT Equity,Warrnambool Cheese & Butter Factory Co Holdings Ltd,Food Products,302020,8.199999809,8.550000191,479644704
SOL AT Equity,Washington H Soul Pattinson & Co Ltd,"Oil, Gas & Consumable Fuels",101020,13.65999985,15.09000015,3612475392
WTP AT Equity,Watpac Ltd,Construction & Engineering,201030,0.725000024,0.795000017,150460416
WCG AT Equity,Webcentral Ltd,IT Services,451020,1.340000033,1.345000029,125010200
WEB AT Equity,Webjet Ltd,"Hotels, Restaurants & Leisure",253010,3.900000095,3.950000048,317571936
WBA AT Equity,Webster Ltd,Food Products,302020,1.330000043,1.5,233194640
WLL AT Equity,Wellcom Group Ltd,Commercial Services & Supplies,202010,3.700000048,3.619999886,141368240
WFL AT Equity,Wellfully Ltd,Pharmaceuticals,352020,0.082999997,0.082000002,135381744
WES AT Equity,Wesfarmers Ltd,Multiline Retail,255030,43.84999847,43.95999908,49388900352
WSA AT Equity,Western Areas Ltd,Metals & Mining,151040,4.230000019,3.569999933,830311040
WFD AT Equity,Westfield Corp,Equity Real Estate Investment Trusts (REITs),601010,9.81000042,9.550000191,19845754880
WBC AT Equity,Westpac Banking Corp,Banks,401010,38,39.38000107,1.22873E+11
WHC AT Equity,Whitehaven Coal Ltd,"Oil, Gas & Consumable Fuels",101020,1.610000014,1.424999952,1462115456
WLC AT Equity,Wollongong Coal Ltd,Metals & Mining,151040,0.016000001,0.022,151688096
WDS AT Equity,Woodside Energy Group Ltd,"Oil, Gas & Consumable Fuels",101020,35.18000031,34.52000046,28441395200
WOW AT Equity,Woolworths Group Ltd,Food & Staples Retailing,301010,30.70999908,29.48999977,37250441216
WOR AT Equity,Worley Ltd,Energy Equipment & Services,101010,10,9.550000191,2363916032
WPP AT Equity,WPP AUNZ Ltd,Media,502010,0.704999983,0.694999993,284740800
YAL AT Equity,Yancoal Australia Ltd,"Oil, Gas & Consumable Fuels",101020,0.075999998,0.090000004,89479504
ZEL AT Equity,Z Energy Ltd,"Oil, Gas & Consumable Fuels",101020,4.5,5.019999981,2008000000
ZIM AT Equity,Zimplats Holdings Ltd,Metals & Mining,151040,8.75,8.100000381,871864960
